{"stats":{"minecraft:used":{"minecraft:iron_axe":2,"minecraft:carrot_on_a_stick":1},"minecraft:crafted":{"minecraft:iron_axe":1},"minecraft:picked_up":{"minecraft:iron_chestplate":1,"minecraft:cooked_beef":1,"minecraft:experience_bottle":5,"minecraft:arrow":7,"minecraft:cooked_cod":5,"minecraft:cooked_chicken":2,"minecraft:melon_slice":2,"minecraft:oak_planks":3,"minecraft:iron_sword":1,"minecraft:cobblestone":4},"minecraft:custom":{"minecraft:time_since_rest":6533,"minecraft:open_chest":11,"minecraft:crouch_one_cm":173,"minecraft:play_time":6533,"minecraft:sprint_one_cm":18871,"minecraft:open_enderchest":2,"minecraft:damage_taken":60,"minecraft:walk_one_cm":15843,"minecraft:sneak_time":157,"minecraft:jump":138,"minecraft:damage_dealt":200,"minecraft:leave_game":1,"minecraft:time_since_death":6533,"minecraft:total_world_time":6533,"minecraft:interact_with_crafting_table":1,"minecraft:fall_one_cm":2665,"minecraft:fly_one_cm":31633,"minecraft:player_kills":1}},"DataVersion":3953}