{"stats":{"minecraft:used":{"minecraft:carrot_on_a_stick":3,"minecraft:bow":14,"minecraft:written_book":6},"minecraft:custom":{"minecraft:jump":419,"minecraft:time_since_rest":23387,"minecraft:crouch_one_cm":814,"minecraft:sprint_one_cm":78525,"minecraft:play_time":23387,"minecraft:walk_on_water_one_cm":561,"minecraft:time_since_death":23387,"minecraft:walk_one_cm":39530,"minecraft:walk_under_water_one_cm":131,"minecraft:sneak_time":683,"minecraft:climb_one_cm":512,"minecraft:total_world_time":23387,"minecraft:damage_resisted":105,"minecraft:mob_kills":16,"minecraft:fall_one_cm":6010,"minecraft:fly_one_cm":216363,"minecraft:open_barrel":1},"minecraft:killed":{"minecraft:zombified_piglin":9}},"DataVersion":3953}