{"stats":{"minecraft:used":{"minecraft:carrot_on_a_stick":1,"minecraft:bow":14,"minecraft:written_book":1},"minecraft:custom":{"minecraft:jump":148,"minecraft:time_since_rest":11387,"minecraft:crouch_one_cm":518,"minecraft:sprint_one_cm":30410,"minecraft:play_time":11387,"minecraft:time_since_death":11387,"minecraft:walk_one_cm":22206,"minecraft:sneak_time":440,"minecraft:climb_one_cm":500,"minecraft:total_world_time":11387,"minecraft:damage_resisted":105,"minecraft:mob_kills":16,"minecraft:fall_one_cm":3052,"minecraft:fly_one_cm":85706},"minecraft:killed":{"minecraft:zombified_piglin":9}},"DataVersion":3953}