{"stats":{"minecraft:used":{"minecraft:bow":14,"minecraft:written_book":6,"minecraft:goat_horn":1,"minecraft:carrot_on_a_stick":3,"minecraft:iron_sword":1},"minecraft:custom":{"minecraft:open_barrel":1,"minecraft:time_since_rest":3808,"minecraft:open_chest":11,"minecraft:crouch_one_cm":920,"minecraft:damage_taken":258,"minecraft:sprint_one_cm":100673,"minecraft:play_time":32105,"minecraft:open_enderchest":2,"minecraft:deaths":1,"minecraft:walk_one_cm":50280,"minecraft:sneak_time":797,"minecraft:walk_under_water_one_cm":131,"minecraft:mob_kills":16,"minecraft:jump":589,"minecraft:damage_dealt":60,"minecraft:walk_on_water_one_cm":561,"minecraft:time_since_death":3802,"minecraft:climb_one_cm":512,"minecraft:total_world_time":32105,"minecraft:damage_resisted":105,"minecraft:interact_with_crafting_table":3,"minecraft:fall_one_cm":10886,"minecraft:fly_one_cm":262298},"minecraft:crafted":{"minecraft:iron_sword":1,"minecraft:iron_chestplate":1},"minecraft:killed":{"minecraft:zombified_piglin":9},"minecraft:killed_by":{"minecraft:player":1}},"DataVersion":3953}